7020bugsy,20830ab7-f63b-42ff-ae86-d6f780b11e63
_elitemc,eec54a5d-5d29-327e-8350-668abace3d75
afanofjapan,0057c313-e851-45c5-b0fa-3050ae088f1e
aql,67d4f338-8760-4104-8296-7e075247447d
astroboy6,4e4fc5e2-da2b-350c-bf24-3ee6bb17dd41
bazzbailey2445,43e9dcba-9714-4df9-bca6-a02e1bfa41a9
bendjamin99,871fc917-9626-3189-8124-e6bfadc5acbb
bwala40,294ecf63-7f12-42c6-a95d-9cf8cc6da3ef
camisepic1234,dfcc6ea1-f93c-40ce-a846-2d60b3413003
captainxisuma,9941e6fa-6595-3b57-bcda-16c5a8c230c7
cartloyal123,16654184-9dc6-332a-b40d-7bc69e0b21da
charlykube13,4bb01151-48e4-3b21-a454-af26b7e66f5a
chloemorgen,28f05121-ed9e-4e08-87e3-527cef069380
cjlishly,f9758728-3f1b-405a-b779-b601048cbe3b
coresystem,5d36e401-83bc-485c-9e3a-2631d3d66987
diotheking,bb0f3257-2e95-4f9c-b349-34ffd7b16c19
drjesus,cbdd1329-753d-340c-b33b-7ff671fe899e
eethompson,621ad508-7ed4-48dd-92db-c83950a222d9
electrostrikepvp,b8d94400-4cf3-4cbd-8f6b-df8f7ccee87d
elunesgift,e5bb1e6a-a486-4e16-8c50-61e18eb42247
epeeken,86c8cf62-7a14-38a1-978c-90f2dd251590
firestorm599,c8da91da-ef9f-4c82-90db-e74d4aa48a93
gamerforlife11,f8a7fa4c-166f-383a-90e5-3f11576b7501
goldenrose1888,43358f92-07a8-363c-a050-73d487236816
hhjardz,853c80ef-3c37-49fd-aa49-938b674adae6
huskysmudkipz,4f82767b-e6dd-4808-8bf2-59fe702a0924
ironaxe3,2f731ce2-721c-4412-8430-0031cff99e14
jim2688,f23df414-8b95-4f6d-b53f-64bbdff9d0e8
justthomashd,8c74580f-f922-4a1d-9ff3-fd496c6fc949
karl4742,a8988a64-4a6d-479f-b112-596440d79317
kazmania06,330a8319-82a9-384a-b114-533d50f0b5fc
kensei,85c5934f-3f10-4205-acfb-44615854033e
king_dianite,ecdfa25a-38d4-3580-91a4-67fca1472349
knufflestuffie,d6f63746-5688-4097-be00-1fa941a3cc5f
lenovouser,af0dfde7-b772-3bfa-b391-8ba3cc0762b3
ludde2k,fc8bcc04-efbe-4846-89f9-2b226f3649b7
lukke0327,297c1280-5cac-39c6-9e18-136b527580e7
mat813,fe9294ab-c76b-338c-8040-ec52b6be5e49
matt_zslayer,60a75c0b-bdac-4c01-b9cf-41965d7bcb11
mick1555,32a46cc6-46d6-4ffe-a4da-962692858288
mincraftbeach,55a5911c-4ee4-4b5f-8924-872d5ec74b5c
mofiki,d8312e65-dc19-4a8c-9560-4e567f42dd47
moonemper,75052800-5f6b-41d0-a76f-dffe4c22a74c
mr_elite,12d9a346-76c6-38f8-8b60-d2e0f87e0635
mxrkuss,55cd5e7f-0365-30cf-8468-d61df0c700e5
naskamu,de6558d3-a63f-3a55-96fa-3935345f82d1
ominousevil,c2facc15-47ec-4069-865d-ebc4bd6071b1
pandabeatzyt,5ceefc1b-c524-3d7a-880f-137b16aab61f
poppnnick,e51e5647-ab73-34cb-8fd0-c631b27a405a
rikkyyxd,fc48c19a-223d-38df-9b57-0e8f3dd91169
sagaross,677a5651-eaf6-39ff-80ac-40559dbc59b0
shafireman,d5f31366-cd3b-36c1-a7da-5c84b47873ad
sharkus49,9e7a8cb0-5252-3274-b6c1-bac851bb2a55
sparkz01,37aa4cf9-44a4-4706-a62e-e7daf1a1bd66
stubeans,29663f65-fd3d-3c79-a02a-a06556fa465f
the_diamond,04181c98-5580-393e-87c4-d5dfd2884a6f
thebronzemine,a0e80b33-b4ff-39d8-a8f1-85ce06eef9c7
unified_kings,3f70a9f5-42fc-4d80-ab43-3de39543fc83
wolf_fang118,4bfbbcc3-69e2-3141-8607-fcbb43edbde1
yariplus,f19cb160-5bc2-4838-835a-07757d60ce80
z_itzryan_z,4b768e15-4920-4638-9244-cc9d73e987ac
